{
  "strength": 0.3060869565217391,
  "mobility": 15.271304347826087,
  "prospects": 0.14782608695652175
}