{
  "pair_counts": {
    "Q": 2,
    "R": 3,
    "Q+R": 1
  },
  "logistic_regression": {
    "weights": [
      -3.3354566581530634,
      2.5880975761022667,
      3.9072371129882257,
      -5.1413510560568385,
      -3.8764791120734894
    ],
    "predicted_probabilities": {
      "Q": 0.32139701571619,
      "R": 0.6391739042263874,
      "B": 0.00020819905619840916,
      "N": 0.0007371838600882077,
      "Q+R": 0.9592961841674797,
      "Q+N": 0.00971965270602828,
      "R+N": 0.035410348982626544
    }
  }
}